{
    "trigger_zone": {
        "x1_offset": 0.11833333333333333,
        "y1_offset": -0.13111111111111112,
        "x2_offset": 0.48333333333333334,
        "y2_offset": 0.8133333333333334,
        "is_relative": true
    },
    "cooldown": 0.1
}